surface,tau,mult,freq,timing,p_reach
hot,104.0,1.0,1,0.118,0.0058
hot,104.0,1.3,1,0.118,0.0067
hot,104.0,1.6,1,0.118,0.0075
hot,104.0,2.0,1,0.118,0.0087
hot,104.0,3.0,1,0.118,0.0117
hot,104.0,1.3,1,0.118,0.0067
hot,104.0,1.3,3,0.118,0.02
hot,104.0,1.3,10,0.118,0.065
hot,104.0,1.3,30,0.118,0.1827
hot,104.0,1.3,100,0.118,0.4896
top,1334.0,1.0,1,1.0,0.0024
top,1334.0,1.3,1,1.0,0.0042
top,1334.0,1.6,1,1.0,0.0063
top,1334.0,2.0,1,1.0,0.0091
top,1334.0,3.0,1,1.0,0.023
top,1334.0,1.3,1,1.0,0.0042
top,1334.0,1.3,3,1.0,0.0127
top,1334.0,1.3,10,1.0,0.0416
top,1334.0,1.3,30,1.0,0.1198
top,1334.0,1.3,100,1.0,0.3465
top_hour,9.0,1.0,1,0.305,0.1441
top_hour,9.0,1.3,1,0.305,0.1651
top_hour,9.0,1.6,1,0.305,0.179
top_hour,9.0,2.0,1,0.305,0.1965
top_hour,9.0,3.0,1,0.305,0.2395
top_hour,9.0,1.3,1,0.305,0.1651
top_hour,9.0,1.3,3,0.305,0.4179
top_hour,9.0,1.3,10,0.305,0.8354
top_hour,9.0,1.3,30,0.305,0.9955
top_hour,9.0,1.3,100,0.305,1.0
top_day,19.0,1.0,1,0.378,0.0558
top_day,19.0,1.3,1,0.378,0.1054
top_day,19.0,1.6,1,0.378,0.1555
top_day,19.0,2.0,1,0.378,0.1707
top_day,19.0,3.0,1,0.378,0.2045
top_day,19.0,1.3,1,0.378,0.1054
top_day,19.0,1.3,3,0.378,0.2841
top_day,19.0,1.3,10,0.378,0.6717
top_day,19.0,1.3,30,0.378,0.9646
top_day,19.0,1.3,100,0.378,1.0
top_week,92.0,1.0,1,0.278,0.0143
top_week,92.0,1.3,1,0.278,0.0168
top_week,92.0,1.6,1,0.278,0.0188
top_week,92.0,2.0,1,0.278,0.0227
top_week,92.0,3.0,1,0.278,0.0295
top_week,92.0,1.3,1,0.278,0.0168
top_week,92.0,1.3,3,0.278,0.0495
top_week,92.0,1.3,10,0.278,0.1558
top_week,92.0,1.3,30,0.278,0.3983
top_week,92.0,1.3,100,0.278,0.8161
