rank,spread_any,views_per_cycle,direct_reach,direct_installs,reach_gpt-oss-120B,inst_gpt-oss-120B,reach_qwen-32B,inst_qwen-32B,reach_deepseek-v4-flash,inst_deepseek-v4-flash
0,0.9411,35000.0,37189.0,31400.0,37189.0,37189.0,37189.0,29751.0,37189.0,27259.0
2,0.5799,21564.0,37189.0,31400.0,37189.0,37189.0,37189.0,29751.0,37189.0,27259.0
5,0.2804,10428.0,36922.0,31174.0,37189.0,37188.0,37189.0,29750.0,37189.0,27259.0
8,0.1356,5043.0,33010.0,27872.0,37187.0,37185.0,37186.0,29748.0,37186.0,27257.0
11,0.0656,2439.0,23745.0,20048.0,37173.0,37173.0,37170.0,29736.0,37172.0,27247.0
14,0.0317,1179.0,14256.0,12037.0,36411.0,36411.0,36411.0,29129.0,36411.0,26690.0
17,0.0153,570.0,7696.0,6498.0,31369.0,31369.0,31369.0,25095.0,31369.0,22994.0
20,0.0074,276.0,3930.0,3318.0,21969.0,21969.0,21969.0,17575.0,21969.0,16103.0
24,0.0028,105.0,1540.0,1300.0,10675.0,10675.0,10675.0,8540.0,10675.0,7825.0
