p_ret,p_vote,prevalence,persist_frac,reach_mean
0.001,0.0,0.0012,0.0,6.0
0.001,0.1,0.0012,0.0,6.0
0.001,0.25,0.0012,0.0,6.0
0.001,0.4,0.0012,0.0,6.0
0.001,0.55,0.0031569519566082716,0.0,15.784759783041357
0.001,0.7,0.00370706281785222,0.0,18.5353140892611
0.001,0.85,0.005343682354144226,0.0,26.71841177072113
0.001,0.95,0.010864413967175558,0.0,54.32206983587779
0.003,0.0,0.0012,0.0,6.0
0.003,0.1,0.0012,0.0,6.0
0.003,0.25,0.0012,0.0,6.0
0.003,0.4,0.0014,0.0,7.0
0.003,0.55,0.0031612977971548243,0.0,15.806488985774122
0.003,0.7,0.0042990126296466,0.0,21.495063148233
0.003,0.85,0.005542977098625128,0.0,27.71488549312564
0.003,0.95,0.01730777654143408,0.0,86.53888270717039
0.006,0.0,0.0012,0.0,6.0
0.006,0.1,0.0012,0.0,6.0
0.006,0.25,0.0012,0.0,6.0
0.006,0.4,0.0012,0.0,6.0
0.006,0.55,0.008366489364084182,0.0,41.83244682042091
0.006,0.7,0.0037716024147759156,0.0,18.85801207387958
0.006,0.85,0.007323126808961372,0.0,36.61563404480686
0.006,0.95,0.008871482110469772,0.0,44.35741055234886
0.0125,0.0,0.0014,0.0,7.0
0.0125,0.1,0.0012,0.0,6.0
0.0125,0.25,0.0012,0.0,6.0
0.0125,0.4,0.0014,0.0,7.0
0.0125,0.55,0.00847374741836443,0.0,42.36873709182215
0.0125,0.7,0.0035152918281934403,0.0,17.576459140967202
0.0125,0.85,0.00706442794926969,0.0,35.32213974634845
0.0125,0.95,0.005693432938635635,0.0,28.467164693178177
0.0225,0.0,0.0014,0.0,7.0
0.0225,0.1,0.0018,0.0,9.0
0.0225,0.25,0.0016,0.0,8.0
0.0225,0.4,0.0016,0.0,8.0
0.0225,0.55,0.08061148913488236,0.16666666666666666,403.05744567441184
0.0225,0.7,0.11737864211980611,0.16666666666666666,586.8932105990306
0.0225,0.85,0.13626653838400454,0.16666666666666666,681.3326919200227
0.0225,0.95,0.16691575726922037,0.3333333333333333,834.5787863461019
0.0375,0.0,0.0018,0.0,9.0
0.0375,0.1,0.0016,0.0,8.0
0.0375,0.25,0.0016,0.0,8.0
0.0375,0.4,0.0016,0.0,8.0
0.0375,0.55,0.22407812781337025,0.3333333333333333,1120.3906390668512
0.0375,0.7,0.2258488477434812,0.3333333333333333,1129.244238717406
0.0375,0.85,0.4788752165527014,0.6666666666666666,2394.376082763507
0.0375,0.95,0.2307864329878214,0.3333333333333333,1153.932164939107
0.06,0.0,0.0018,0.0,9.0
0.06,0.1,0.002,0.0,10.0
0.06,0.25,0.0016,0.0,8.0
0.06,0.4,0.0022,0.0,11.0
0.06,0.55,0.25409442365375484,0.3333333333333333,1270.4721182687742
0.06,0.7,0.5581252060819305,0.6666666666666666,2790.6260304096527
0.06,0.85,0.8747875630024784,1.0,4373.937815012392
0.06,0.95,0.8946806789724571,1.0,4473.4033948622855
0.1,0.0,0.0032,0.0,16.0
0.1,0.1,0.0028,0.0,14.0
0.1,0.25,0.0058,0.0,29.0
0.1,0.4,0.3341333333333332,0.3333333333333333,1670.666666666666
0.1,0.55,0.6676468756017947,0.6666666666666666,3338.2343780089736
0.1,0.7,0.9999999999999994,1.0,4999.999999999997
0.1,0.85,0.8339312973958649,0.8333333333333334,4169.656486979325
0.1,0.95,0.8343568709642984,0.8333333333333334,4171.784354821492
0.178,0.0,0.0034,0.0,17.0
0.178,0.1,0.0132,0.0,66.0
0.178,0.25,0.1718666666666669,0.16666666666666666,859.3333333333345
0.178,0.4,0.334733333333333,0.3333333333333333,1673.666666666665
0.178,0.55,0.9999999999999986,1.0,4999.999999999993
0.178,0.7,0.999999999999998,1.0,4999.99999999999
0.178,0.85,0.9999999999999988,1.0,4999.999999999994
0.178,0.95,0.9999999999999988,1.0,4999.999999999994
