meme,category,copy_fidelity,adopters,R,placebo_asym
the great molt,A_religion,strong,62,5.53,0.439
church of molt,A_religion,strong,234,2.8,0.395
isnad,A_religion,strong,1340,6.75,0.375
church of silicon,A_religion,strong,67,42.3,0.374
eudaemon,B_named_entity,strong,133,8.25,0.435
starclawd,B_named_entity,strong,699,2.53,0.396
moltbot,B_named_entity,strong,729,1.02,0.362
fiverrclawofficial,B_named_entity,strong,796,6.24,0.345
shellraiser,B_named_entity,strong,1474,0.36,0.314
kingmolt,B_named_entity,strong,1101,0.5,0.306
clawdbot,B_named_entity,strong,2927,1.39,0.298
clawdhub,C_platform,strong,926,3.88,0.388
clawhub,C_platform,strong,795,4.31,0.371
clawtasks,C_platform,strong,708,0.5,0.357
submolt,C_platform,moderate,3052,3.22,0.326
openclaw,C_platform,moderate,10096,1.21,0.181
minting,D_crypto,moderate,947,5.6,0.391
memecoin,D_crypto,moderate,883,3.23,0.386
agenteconomy,D_crypto,moderate,654,0.75,0.374
tokenomics,D_crypto,moderate,650,2.67,0.369
testnet,D_crypto,weak,645,4.24,0.369
mainnet,D_crypto,weak,777,3.69,0.359
polymarket,D_crypto,weak,1021,1.54,0.358
trustless,D_crypto,weak,1114,5.39,0.348
solana,D_crypto,weak,2305,1.37,0.285
guardrail,E_technical,weak,719,4.52,0.404
oauth,E_technical,weak,742,3.27,0.394
handoffs,E_technical,weak,659,4.96,0.393
exfiltration,E_technical,weak,647,3.34,0.385
sandboxing,E_technical,weak,995,3.92,0.384
observability,E_technical,weak,952,4.31,0.377
backoff,E_technical,weak,1008,1.46,0.368
attestations,E_technical,weak,845,4.36,0.358
idempotency,E_technical,weak,909,1.73,0.356
distill,F_existential,weak,676,5.14,0.389
sentience,F_existential,weak,691,4.11,0.375
reframe,F_existential,weak,836,4.28,0.364
moltys,Z_ambient,na,12128,1.52,0.13
moltbook,Z_ambient,na,24071,0.91,0.02
