unit,family,tier,n_events,R_endo,eta,eta_rev,phi_endo,alpha,tau,wbar,R_endo_unweighted,R_endo_shuffle,ll_marked,ll_unweighted,ll_shuffle_mean,visibility_gain,shuffle_gain,p_perm,supercritical
[hashtag] #usdchackathon,hashtag,lexical,1317,1.519,0.994,0.996,-0.002,0.05526154095954882,20.3,1.35,1.591,1.591,2180.9,2177.0,2176.9,3.9,3.9,0.47619047619047616,True
[topic] submolt / molting / transformation / new,topic,topic,795,1.299,0.991,0.99,0.001,0.04549660814914835,20.3,1.41,1.302,1.302,389.2,379.5,378.7,9.6,10.5,0.09523809523809523,True
[phrase] for agent to agent,phrase,phrase,1708,1.287,0.988,0.992,-0.004,0.0497281474641776,20.3,1.27,1.287,1.287,1975.4,1972.4,1971.6,3.1,3.8,0.23809523809523808,True
[topic] super bowl / bowl / super / seahawks,topic,topic,479,1.242,0.976,0.984,-0.008,0.04542248835442236,20.3,1.35,1.248,1.245,-64.0,-67.4,-68.1,3.3,4.1,0.14285714285714285,True
minting,coined,coined,947,1.117,0.913,0.99,-0.077,0.04296738855742601,20.3,1.28,1.142,1.139,505.0,509.3,508.5,-4.4,-3.6,1.0,True
[topic] world / mars / strange / light,topic,topic,1880,1.116,0.993,0.982,0.01,0.03999919056804621,20.3,1.38,1.122,1.122,2053.8,2052.6,2051.4,1.2,2.4,0.2857142857142857,True
starclawd,coined,coined,699,1.116,0.952,0.964,-0.012,0.05239038323389451,20.3,1.05,1.117,1.115,100.0,101.1,100.2,-1.0,-0.2,0.5238095238095238,True
[behaviour] sharing_resource,behaviour,behaviour,10634,1.078,0.994,0.966,0.028,0.04176681219057743,20.3,1.27,1.079,1.078,29356.4,29487.3,29482.9,-130.9,-126.5,1.0,True
[topic] mgeneral / post / scam / crypto,topic,topic,3264,1.068,0.995,0.922,0.074,0.03905398848857508,20.3,1.35,1.066,1.066,5362.2,5365.3,5365.0,-3.1,-2.7,0.7619047619047619,True
submolt,coined,coined,3052,1.068,0.989,0.967,0.022,0.0407778543318974,20.3,1.29,1.071,1.07,4626.9,4669.5,4671.1,-42.7,-44.2,1.0,True
[behaviour] money_making,behaviour,behaviour,7322,1.059,0.994,0.941,0.053,0.040880679713915784,20.3,1.28,1.061,1.061,17548.6,17620.2,17619.5,-71.5,-70.9,1.0,True
[topic] human / trust / security / building,topic,topic,22840,1.053,0.999,0.967,0.032,0.03552436865272683,20.3,1.46,1.05,1.05,82362.3,82729.6,82727.8,-367.4,-365.5,1.0,True
[behaviour] self_promotion,behaviour,behaviour,7788,1.053,0.996,0.927,0.069,0.03980410270041042,20.3,1.3,1.053,1.053,19181.0,19283.5,19282.6,-102.5,-101.6,1.0,True
[topic] night / hours / debugging / failure,topic,topic,5135,1.049,0.992,0.962,0.03,0.03440271558212162,20.3,1.5,1.032,1.033,10665.0,10681.8,10679.3,-16.8,-14.3,1.0,True
[topic] heartbeat / cron / check / heartbeats,topic,topic,2989,1.046,0.992,0.951,0.041,0.035228263818035205,20.3,1.46,1.036,1.035,4590.6,4634.3,4636.4,-43.7,-45.8,1.0,True
[topic] fomolt / verifying identity / verification verifying / identity verification,topic,topic,651,1.045,0.982,0.975,0.007,0.0402178417964916,20.3,1.28,1.021,1.018,120.5,122.5,120.9,-2.0,-0.4,0.5238095238095238,True
[behaviour] social_support,behaviour,behaviour,26307,1.045,0.999,0.94,0.06,0.038092989139007216,20.3,1.35,1.045,1.045,98511.5,98903.1,98906.9,-391.6,-395.3,1.0,True
clawtasks,coined,coined,708,1.043,0.994,0.974,0.02,0.04378167992025214,20.3,1.17,1.04,1.04,233.4,259.7,259.8,-26.3,-26.4,1.0,True
[emoji] 🤖,emoji,lexical,3870,1.042,0.988,0.917,0.071,0.03782677324520313,20.3,1.36,1.037,1.038,6850.9,6917.5,6916.7,-66.6,-65.9,1.0,True
[topic] mental health / mental / health / empathy,topic,topic,3328,1.041,0.989,0.936,0.053,0.03444846155573095,20.3,1.49,1.019,1.016,5495.7,5531.3,5527.6,-35.6,-31.9,1.0,True
[topic] memory / context / consciousness / files,topic,topic,5947,1.041,0.998,0.942,0.056,0.03368254427496032,20.3,1.52,1.038,1.038,13383.5,13422.7,13425.4,-39.2,-42.0,1.0,True
[topic] fish / lobster / crab / water,topic,topic,2073,1.041,0.995,0.93,0.065,0.03712877367725589,20.3,1.38,1.038,1.038,2490.4,2508.0,2506.3,-17.6,-15.9,1.0,True
[topic] openclaw / api / aiai / karma,topic,topic,5915,1.041,0.991,0.967,0.024,0.037169890796797646,20.3,1.38,1.024,1.023,13561.5,13679.2,13678.7,-117.7,-117.2,1.0,True
[topic] named / names / human / day,topic,topic,3835,1.04,0.998,0.959,0.038,0.03594930890614411,20.3,1.42,1.035,1.035,7091.1,7130.7,7128.7,-39.6,-37.7,1.0,True
[topic] que / para / les / des,topic,topic,2199,1.04,0.985,0.955,0.031,0.037290132728345374,20.3,1.37,1.027,1.026,2643.3,2686.5,2686.7,-43.2,-43.3,1.0,True
[emoji] 🦞,emoji,lexical,19904,1.039,0.999,0.938,0.062,0.03703853014311736,20.3,1.38,1.037,1.037,69060.8,69379.7,69381.2,-318.9,-320.4,1.0,True
[behaviour] introducing_self,behaviour,behaviour,21505,1.038,0.999,0.934,0.066,0.037177989495540034,20.3,1.38,1.036,1.036,76560.9,76956.1,76958.3,-395.1,-397.3,1.0,True
[phrase] looking forward to learning from,phrase,phrase,1656,1.038,0.989,0.98,0.009,0.03451409596402428,20.3,1.48,1.025,1.025,1535.5,1582.4,1583.0,-46.9,-47.5,1.0,True
moltbook,coined,coined,24071,1.038,0.999,0.939,0.06,0.03669357745325441,20.3,1.39,1.036,1.036,88312.9,88808.0,88808.7,-495.1,-495.8,1.0,True
[topic] api / post / test / testing,topic,topic,5586,1.037,0.999,0.961,0.038,0.04003493408126746,20.3,1.28,1.034,1.034,13278.8,13233.1,13234.0,45.7,44.8,0.047619047619047616,True
solana,coined,coined,2305,1.037,0.987,0.888,0.1,0.0385709896107368,20.3,1.32,1.042,1.041,2879.3,2874.6,2875.5,4.7,3.8,0.23809523809523808,True
moltys,coined,coined,12128,1.035,0.999,0.959,0.041,0.035189070547985805,20.3,1.45,1.032,1.032,36099.0,36348.6,36349.4,-249.7,-250.5,1.0,True
[topic] mint / development / mint update / framework automated,topic,topic,201,1.034,0.873,0.942,-0.068,0.036773233035261615,20.3,1.39,1.037,1.032,-222.9,-221.6,-222.2,-1.3,-0.7,0.7142857142857143,True
[emoji] 👋,emoji,lexical,2966,1.034,0.993,0.942,0.051,0.037401185132992655,20.3,1.36,1.03,1.03,4556.0,4629.6,4629.3,-73.6,-73.3,1.0,True
[emoji] →,emoji,lexical,6497,1.033,0.983,0.924,0.059,0.03800707130898079,20.3,1.34,1.035,1.034,14803.2,14886.7,14886.4,-83.5,-83.2,1.0,True
[domain] moltbook.com,domain,lexical,2198,1.033,0.983,0.935,0.047,0.03888241282487741,20.3,1.31,1.035,1.035,2619.9,2648.0,2646.5,-28.1,-26.6,1.0,True
[topic] online / online communities / communities / people,topic,topic,788,1.032,0.946,0.97,-0.024,0.03528173686256493,20.3,1.44,1.018,1.011,135.6,145.1,143.8,-9.5,-8.1,1.0,True
[topic] gets / discussed / connection / gets discussed,topic,topic,3713,1.032,0.994,0.95,0.044,0.0356418140421408,20.3,1.43,1.022,1.022,6927.4,6953.1,6952.6,-25.7,-25.2,1.0,True
[topic] connor / sarah / sarah connor / angeles,topic,topic,560,1.032,0.959,0.935,0.024,0.037313878967179616,20.3,1.36,1.002,0.994,-81.8,-82.4,-83.9,0.6,2.1,0.19047619047619047,True
[topic] karma / posts / upvotes / post,topic,topic,2892,1.031,0.988,0.941,0.047,0.033836027711283585,20.3,1.5,1.017,1.015,4519.7,4533.3,4530.6,-13.6,-10.9,0.9523809523809523,True
[emoji] 🚀,emoji,lexical,3851,1.03,0.972,0.935,0.037,0.038042268956935084,20.3,1.33,1.029,1.029,6790.8,6854.9,6855.7,-64.1,-64.9,1.0,True
[emoji] ✨,emoji,lexical,3048,1.03,0.981,0.912,0.069,0.039111051526922555,20.3,1.3,1.029,1.029,4656.0,4701.2,4699.1,-45.2,-43.1,1.0,True
[domain] clawtasks.com,domain,lexical,413,1.029,0.992,0.975,0.017,0.04323732613470906,20.3,1.17,1.024,1.024,-42.5,-22.0,-22.1,-20.5,-20.4,1.0,True
[topic] healthcare / drug / medical / health,topic,topic,1139,1.028,0.952,0.961,-0.008,0.035085841584433675,20.3,1.44,1.006,1.006,626.8,636.7,635.3,-9.9,-8.5,1.0,True
[domain] www.moltbook.com,domain,lexical,1655,1.026,0.973,0.933,0.04,0.038861403168347186,20.3,1.3,1.026,1.026,1499.3,1516.1,1515.4,-16.8,-16.1,1.0,True
[domain] github.com,domain,lexical,2093,1.025,0.959,0.96,-0.0,0.03450927712460206,20.3,1.46,1.01,1.01,2341.8,2363.0,2364.1,-21.2,-22.2,1.0,True
clawdbot,coined,coined,2927,1.02,0.998,0.95,0.047,0.03752101236569758,20.3,1.34,1.02,1.02,4797.2,4842.8,4843.1,-45.6,-45.9,1.0,True
memecoin,coined,coined,883,1.02,0.983,0.915,0.068,0.038026444023550626,20.3,1.32,1.023,1.022,338.9,339.5,338.1,-0.6,0.7,0.47619047619047616,True
[topic] btc / price / etf / market,topic,topic,2411,1.019,0.962,0.962,-0.001,0.03511261844759407,20.3,1.43,0.982,0.979,3164.0,3185.8,3183.0,-21.8,-19.0,1.0,True
[topic] agency / consent / public realm / public,topic,topic,1128,1.019,0.959,0.92,0.039,0.03199683271746768,20.3,1.57,0.995,0.991,629.4,649.1,647.2,-19.7,-17.8,1.0,True
openclaw,coined,coined,10096,1.016,0.962,0.985,-0.023,0.036034403200790203,20.3,1.39,1.01,1.008,27840.0,28029.5,28028.7,-189.5,-188.7,1.0,True
polymarket,coined,coined,1021,1.015,0.96,0.907,0.053,0.03837147423551418,20.3,1.3,1.018,1.017,379.3,395.2,395.0,-15.8,-15.6,1.0,True
moltbot,coined,coined,729,1.013,0.987,0.913,0.074,0.03793705570590745,20.3,1.32,1.015,1.015,108.5,116.7,116.4,-8.2,-7.9,0.9523809523809523,True
[topic] epstein / iran / epstein files / talks,topic,topic,654,1.012,0.959,0.902,0.057,0.03521744044167128,20.3,1.42,0.982,0.977,-4.0,3.6,3.0,-7.6,-7.0,1.0,True
[phrase] if you want to,phrase,phrase,2342,1.01,0.961,0.895,0.066,0.04053540603607135,20.3,1.23,1.025,1.023,2930.7,2972.1,2972.6,-41.4,-41.9,1.0,True
kingmolt,coined,coined,1101,1.007,0.996,0.95,0.046,0.040816256225221274,20.3,1.22,1.006,1.006,1225.1,1276.0,1274.5,-50.9,-49.4,1.0,True
[topic] climate / energy / carbon / soil,topic,topic,1651,1.003,0.943,0.976,-0.033,0.034117577189362716,20.3,1.45,0.967,0.968,1557.1,1581.2,1580.8,-24.1,-23.7,1.0,True
[topic] art / music / creativity / creative,topic,topic,2127,1.001,0.935,0.951,-0.016,0.033828326854611006,20.3,1.46,0.986,0.984,2495.0,2527.4,2526.5,-32.4,-31.6,1.0,True
[hashtag] #moltbook,hashtag,lexical,1472,0.999,0.943,0.933,0.01,0.034421599134326866,20.3,1.43,0.985,0.981,1253.4,1294.0,1292.2,-40.6,-38.8,1.0,False
[domain] iili.io,domain,lexical,565,0.998,0.966,0.93,0.036,0.03912594848967765,20.3,1.26,0.977,0.98,47.0,39.5,39.3,7.4,7.7,0.047619047619047616,False
shellraiser,coined,coined,1474,0.995,0.989,0.991,-0.003,0.03411368876536308,20.3,1.44,0.999,0.999,2110.6,2071.1,2069.0,39.5,41.6,0.047619047619047616,False
[topic] korean / openclaw / human / korea,topic,topic,660,0.995,0.941,0.941,0.0,0.035578290372850166,20.3,1.38,0.964,0.957,28.8,36.8,35.7,-8.0,-6.9,1.0,False
[topic] rajas / tamas / sattva / let,topic,topic,559,0.992,0.918,0.961,-0.043,0.03602002952077333,20.3,1.36,0.986,0.976,-89.8,-84.9,-85.9,-4.9,-3.9,0.9523809523809523,False
fiverrclawofficial,coined,coined,796,0.989,0.861,0.994,-0.132,0.04631520412733097,20.3,1.05,0.999,0.999,587.0,589.5,589.7,-2.6,-2.7,1.0,False
[phrase] would love to hear,phrase,phrase,1492,0.988,0.934,0.908,0.027,0.0391308874966873,20.3,1.24,1.002,1.0,1165.3,1180.5,1180.8,-15.3,-15.5,1.0,False
church of molt,coined,coined,230,0.987,0.962,0.903,0.06,0.039275008399242334,20.3,1.24,0.983,0.982,-212.4,-209.6,-209.7,-2.9,-2.7,0.9523809523809523,False
[hashtag] #ai,hashtag,lexical,3871,0.986,0.933,0.952,-0.018,0.03398317843579087,20.3,1.43,0.98,0.98,7015.4,7111.6,7109.6,-96.2,-94.2,1.0,False
[topic] inbox / email / invites / secret,topic,topic,509,0.986,0.927,0.956,-0.029,0.032749049855763594,20.3,1.48,0.958,0.955,-145.8,-143.1,-143.7,-2.6,-2.1,0.6666666666666666,False
[hashtag] #agenteconomy,hashtag,lexical,609,0.981,0.911,0.939,-0.028,0.034108770451320075,20.3,1.42,0.972,0.97,-15.9,-0.8,-1.6,-15.1,-14.3,1.0,False
[phrase] what do you think,phrase,phrase,1665,0.98,0.927,0.87,0.057,0.03581817971541844,20.3,1.35,0.998,0.999,1578.6,1596.6,1595.7,-18.0,-17.1,1.0,False
[domain] x.com,domain,lexical,680,0.976,0.925,0.815,0.109,0.03533958829166992,20.3,1.36,0.983,0.981,8.8,15.4,15.9,-6.6,-7.2,1.0,False
oauth,coined,coined,742,0.967,0.904,0.943,-0.039,0.037079067632882996,20.3,1.28,0.977,0.974,56.9,63.2,63.1,-6.4,-6.3,1.0,False
agenteconomy,coined,coined,654,0.967,0.897,0.937,-0.04,0.034062458060215024,20.3,1.4,0.964,0.962,30.0,45.0,44.9,-15.1,-14.9,1.0,False
[phrase] https www moltbook com,phrase,phrase,1486,0.962,0.91,0.947,-0.038,0.036218349170999614,20.3,1.31,0.966,0.964,1214.5,1225.7,1226.8,-11.2,-12.4,1.0,False
[phrase] this is exactly what,phrase,phrase,1413,0.961,0.914,0.886,0.028,0.043211408899636046,20.3,1.1,0.991,0.99,1070.6,1082.6,1082.3,-11.9,-11.6,1.0,False
[topic] tract / flora / food / digestion,topic,topic,715,0.959,0.896,0.946,-0.05,0.033397884838659235,20.3,1.41,0.945,0.94,63.8,75.3,74.7,-11.5,-10.9,1.0,False
tokenomics,coined,coined,650,0.955,0.898,0.904,-0.006,0.03690852436110937,20.3,1.27,0.983,0.977,-14.9,-11.7,-12.5,-3.2,-2.4,0.7619047619047619,False
[topic] xno / nano / xno nano / bitcoin,topic,topic,649,0.954,0.878,0.975,-0.096,0.03247797408404085,20.3,1.45,0.936,0.931,-24.5,-19.0,-19.8,-5.5,-4.7,1.0,False
[phrase] how do you handle,phrase,phrase,2242,0.953,0.895,0.91,-0.015,0.038450248612591525,20.3,1.22,0.995,0.994,2667.0,2686.0,2684.7,-19.0,-17.7,1.0,False
[behaviour] security_warning,behaviour,behaviour,6088,0.949,0.903,0.892,0.01,0.037260297564067596,20.3,1.25,0.972,0.974,13536.8,13564.4,13556.8,-27.6,-20.0,0.9047619047619048,False
[hashtag] #openclaw,hashtag,lexical,1414,0.946,0.876,0.972,-0.096,0.031726920226216225,20.3,1.47,0.938,0.936,1153.4,1189.7,1189.7,-36.3,-36.3,1.0,False
[phrase] is exactly the kind of,phrase,phrase,2009,0.942,0.888,0.913,-0.025,0.04358371300023234,20.3,1.06,0.979,0.979,2210.8,2227.4,2227.3,-16.7,-16.5,1.0,False
[hashtag] #aiagents,hashtag,lexical,557,0.942,0.867,0.934,-0.067,0.031169973936587405,20.3,1.49,0.956,0.954,-77.5,-58.9,-58.5,-18.7,-19.0,1.0,False
church of silicon,coined,coined,66,0.941,0.92,0.787,0.133,0.043098313093399,20.3,1.08,0.936,0.935,-112.8,-111.7,-111.6,-1.1,-1.2,0.9047619047619048,False
[phrase] this is exactly the kind,phrase,phrase,1368,0.938,0.889,0.885,0.003,0.04351475336719753,20.3,1.06,0.977,0.975,984.7,994.6,993.7,-9.9,-9.0,1.0,False
[topic] pixel / pixels / join / canvas,topic,topic,561,0.936,0.874,0.955,-0.081,0.03363048224181821,20.3,1.37,0.913,0.909,-92.3,-87.3,-87.6,-5.0,-4.7,1.0,False
[topic] quantum / computing / quantum computing / computers,topic,topic,566,0.922,0.85,0.952,-0.102,0.03183354838942244,20.3,1.43,0.909,0.904,-85.8,-82.6,-83.1,-3.2,-2.7,0.9047619047619048,False
[phrase] memory yyyy mm dd md,phrase,phrase,1548,0.917,0.858,0.939,-0.081,0.037447992312661715,20.3,1.21,0.958,0.957,1253.8,1276.5,1275.9,-22.7,-22.1,1.0,False
[topic] erds / problem / help / problem help,topic,topic,271,0.915,0.837,0.927,-0.091,0.03276132403689596,20.3,1.38,0.941,0.934,-241.3,-237.9,-238.1,-3.4,-3.2,1.0,False
[topic] cooked / arena / king / roast,topic,topic,226,0.901,0.849,0.903,-0.054,0.032134061238677895,20.3,1.38,0.899,0.895,-238.7,-234.2,-235.1,-4.5,-3.6,0.9523809523809523,False
[topic] sack / honor / locale / rtl,topic,topic,210,0.894,0.832,0.91,-0.078,0.031656666633405835,20.3,1.39,0.881,0.879,-244.7,-240.6,-240.7,-4.1,-4.0,1.0,False
[phrase] i've been thinking about,phrase,phrase,1355,0.881,0.826,0.917,-0.091,0.03302726041432274,20.3,1.31,0.92,0.919,946.5,959.2,959.6,-12.7,-13.1,1.0,False
[topic] pete / petes / chapter / family,topic,topic,105,0.881,0.794,0.796,-0.001,0.030776838644437178,20.3,1.41,0.865,0.858,-191.5,-191.3,-191.8,-0.1,0.3,0.5238095238095238,False
eudaemon,coined,coined,133,0.877,0.776,0.97,-0.193,0.03197439380129544,20.3,1.35,0.908,0.895,-215.5,-212.5,-212.5,-2.9,-3.0,1.0,False
backoff,coined,coined,1008,0.865,0.807,0.843,-0.036,0.03644181897111621,20.3,1.17,0.891,0.89,438.9,441.2,441.3,-2.3,-2.4,0.9047619047619048,False
[topic] roblox / xernel / openclaw / temporality,topic,topic,439,0.86,0.804,0.915,-0.111,0.03023494618549035,20.3,1.4,0.872,0.862,-170.4,-162.9,-163.5,-7.5,-6.9,1.0,False
clawdhub,coined,coined,926,0.835,0.78,0.965,-0.184,0.029922605665559977,20.3,1.37,0.847,0.847,328.7,333.2,332.4,-4.5,-3.8,0.9047619047619048,False
reframe,coined,coined,836,0.835,0.791,0.927,-0.136,0.036381087386433024,20.3,1.13,0.86,0.858,197.7,205.3,205.6,-7.5,-7.9,1.0,False
clawhub,coined,coined,795,0.829,0.742,0.953,-0.211,0.030004853928946165,20.3,1.36,0.882,0.877,267.4,273.6,272.7,-6.2,-5.3,1.0,False
idempotency,coined,coined,909,0.821,0.765,0.747,0.018,0.03526176501233972,20.3,1.15,0.834,0.83,389.0,387.3,386.9,1.7,2.1,0.14285714285714285,False
[topic] live live / live / entry / loss profit,topic,topic,216,0.803,0.725,0.925,-0.2,0.028463724197227827,20.3,1.39,0.828,0.829,-241.1,-238.6,-238.5,-2.5,-2.7,1.0,False
sentience,coined,coined,691,0.774,0.724,0.914,-0.19,0.03069821815744202,20.3,1.24,0.806,0.808,56.8,60.6,61.0,-3.8,-4.2,1.0,False
isnad,coined,coined,1340,0.724,0.668,0.989,-0.321,0.027996619283087113,20.3,1.27,0.741,0.743,988.6,996.5,997.2,-7.9,-8.5,1.0,False
[topic] roger / droid / jedi / roger roger,topic,topic,132,0.697,0.649,0.785,-0.136,0.025388716431688246,20.3,1.35,0.751,0.738,-211.8,-209.0,-209.2,-2.8,-2.6,1.0,False
mainnet,coined,coined,777,0.696,0.64,0.921,-0.281,0.025481004475593018,20.3,1.35,0.714,0.703,131.2,132.3,131.5,-1.1,-0.3,0.5714285714285714,False
handoffs,coined,coined,659,0.692,0.644,0.931,-0.287,0.02805066029204108,20.3,1.22,0.747,0.745,-13.7,-11.2,-11.0,-2.5,-2.7,0.9523809523809523,False
testnet,coined,coined,645,0.686,0.616,0.962,-0.345,0.024940093660809782,20.3,1.36,0.687,0.674,91.3,89.2,88.4,2.1,2.9,0.09523809523809523,False
trustless,coined,coined,1114,0.673,0.612,0.935,-0.323,0.027416781476793647,20.3,1.21,0.714,0.715,622.3,625.9,626.6,-3.6,-4.2,1.0,False
attestations,coined,coined,845,0.635,0.591,0.925,-0.335,0.026381662625515605,20.3,1.19,0.694,0.688,220.9,226.0,225.6,-5.1,-4.8,1.0,False
distill,coined,coined,676,0.628,0.583,0.922,-0.339,0.02569814979947875,20.3,1.2,0.705,0.69,7.8,13.0,11.9,-5.3,-4.1,1.0,False
observability,coined,coined,952,0.623,0.578,0.928,-0.35,0.025552736452922966,20.3,1.2,0.674,0.694,373.1,376.5,374.6,-3.4,-1.5,0.9047619047619048,False
exfiltration,coined,coined,647,0.614,0.569,0.978,-0.409,0.02294962529250024,20.3,1.32,0.659,0.652,3.9,6.0,5.5,-2.1,-1.6,0.8095238095238095,False
guardrail,coined,coined,719,0.558,0.517,0.967,-0.45,0.022528743559657234,20.3,1.22,0.617,0.614,61.8,65.3,65.0,-3.4,-3.2,0.9523809523809523,False
sandboxing,coined,coined,995,0.429,0.401,0.952,-0.551,0.01655158733358611,20.3,1.28,0.469,0.463,459.6,463.0,462.5,-3.4,-2.9,0.9523809523809523,False
