lag_h,obs,null,excess
0.25,619811.0,487603.79999999993,132207.20000000007
0.75,581042.0,485396.99999999994,95645.00000000006
1.25,555689.0,483202.2499999989,72486.7500000011
1.75,540251.0,480693.30000000057,59557.69999999943
2.25,530619.0,478429.4000000004,52189.59999999963
2.75,514756.0,476387.3999999997,38368.600000000326
3.25,496520.0,473964.39999999985,22555.60000000015
3.75,475550.0,472059.5499999999,3490.450000000128
4.25,473618.0,469900.74999999953,3717.2500000004657
4.75,476862.0,467412.4499999993,9449.550000000687
5.25,477697.0,465110.20000000065,12586.799999999348
5.75,475296.0,462897.2000000006,12398.799999999406
6.25,463347.0,460509.4500000003,2837.5499999996973
6.75,466613.0,458497.70000000024,8115.2999999997555
7.25,474376.0,455885.7999999998,18490.200000000186
7.75,486157.0,453749.8500000002,32407.14999999979
8.25,480842.0,451408.79999999993,29433.20000000007
8.75,474718.0,449013.10000000073,25704.899999999267
9.25,464900.0,446618.4999999992,18281.500000000815
9.75,452969.0,444384.6999999998,8584.300000000221
10.25,452585.0,442581.34999999945,10003.650000000547
10.75,445140.0,439859.8499999996,5280.1500000003725
11.25,436501.0,437653.24999999953,-1152.2499999995343
11.75,426418.0,435402.1999999997,-8984.19999999972
12.25,427221.0,433386.99999999936,-6165.99999999936
12.75,428402.0,430778.74999999924,-2376.7499999992433
13.25,429878.0,428807.84999999974,1070.1500000002561
13.75,424721.0,426176.54999999964,-1455.549999999639
14.25,419652.0,423924.8000000003,-4272.800000000279
14.75,417011.0,421759.29999999946,-4748.2999999994645
15.25,419343.0,419327.2499999996,15.750000000407454
15.75,423908.0,416921.7999999992,6986.200000000827
16.25,423108.0,414662.9000000006,8445.099999999395
16.75,412827.0,412577.25000000006,249.7499999999418
17.25,406602.0,410236.15000000026,-3634.150000000256
17.75,402624.0,407938.4500000005,-5314.450000000477
18.25,401162.0,405468.55000000005,-4306.550000000047
18.75,399822.0,403200.70000000036,-3378.700000000361
19.25,401464.0,400958.9999999999,505.0000000001164
19.75,400198.0,398506.25000000035,1691.7499999996508
20.25,402907.0,396229.90000000026,6677.099999999744
20.75,402146.0,393966.2499999998,8179.750000000175
21.25,400047.0,391452.20000000077,8594.799999999232
21.75,399546.0,389383.59999999974,10162.400000000256
22.25,398023.0,387049.5500000008,10973.449999999197
22.75,395196.0,384634.20000000077,10561.799999999232
23.25,390744.0,382471.7999999994,8272.200000000594
23.75,388073.0,380169.1499999999,7903.850000000093
